{"learner":{"attributes":{},"feature_names":[],"feature_types":[],"gradient_booster":{"model":{"gbtree_model_param":{"num_parallel_tree":"1","num_trees":"10"},"iteration_indptr":[0,1,2,3,4,5,6,7,8,9,10],"tree_info":[0,0,0,0,0,0,0,0,0,0],"trees":[{"base_weights":[-1.6621423E-1,-4.9465683E-1,1.5534972E-1,1.3561632E-1,-1.8470907E-1,1.7499927E-1,-3.5163146E-2],"categories":[],"categories_nodes":[],"categories_segments":[],"categories_sizes":[],"default_left":[0,0,0,0,0,0,0],"id":0,"left_children":[1,3,5,-1,-1,-1,-1],"loss_changes":[1.6397026E1,9.065521E0,9.265228E0,0E0,0E0,0E0,0E0],"parents":[2147483647,0,0,1,1,2,2],"right_children":[2,4,6,-1,-1,-1,-1],"split_conditions":[1.890948E6,-3.762935E-3,-4.819277E-4,1.3561632E-1,-1.8470907E-1,1.7499927E-1,-3.5163146E-2],"split_indices":[9,4,4,0,0,0,0],"split_type":[0,0,0,0,0,0,0],"sum_hessian":[1.535248E2,7.568377E1,7.784103E1,8.269485E0,6.741428E1,2.9842056E1,4.799897E1],"tree_param":{"num_deleted":"0","num_feature":"14","num_nodes":"7","size_leaf_vector":"1"}},{"base_weights":[-1.2507518E-1,9.297654E-2,-4.0330902E-1,5.276816E-3,2.9562467E-1,1.02112375E-1,-1.5635026E-1],"categories":[],"categories_nodes":[],"categories_segments":[],"categories_sizes":[],"default_left":[1,1,0,0,0,0,0],"id":1,"left_children":[1,3,5,-1,-1,-1,-1],"loss_changes":[9.154945E0,5.705708E0,5.9811764E0,0E0,0E0,0E0,0E0],"parents":[2147483647,0,0,1,1,2,2],"right_children":[2,4,6,-1,-1,-1,-1],"split_conditions":[1.85431E-1,9.813749E-1,-3.762935E-3,5.276816E-3,2.9562467E-1,1.02112375E-1,-1.5635026E-1],"split_indices":[9,1,4,0,0,0,0],"split_type":[0,0,0,0,0,0,0],"sum_hessian":[1.492809E2,8.4065025E1,6.521588E1,7.845721E1,5.6078196E0,8.663222E0,5.655266E1],"tree_param":{"num_deleted":"0","num_feature":"14","num_nodes":"7","size_leaf_vector":"1"}},{"base_weights":[-9.188044E-2,3.5165033E-1,-1.8592443E-1,7.185196E-2,4.2867625E-1,1.1343642E-1,-8.398772E-2],"categories":[],"categories_nodes":[],"categories_segments":[],"categories_sizes":[],"default_left":[0,0,0,0,0,0,0],"id":2,"left_children":[1,3,5,-1,-1,-1,-1],"loss_changes":[6.175471E0,2.795433E0,6.550877E0,0E0,0E0,0E0,0E0],"parents":[2147483647,0,0,1,1,2,2],"right_children":[2,4,6,-1,-1,-1,-1],"split_conditions":[6.4444447E-1,5.7446337E-1,2E0,7.185196E-2,4.2867625E-1,1.1343642E-1,-8.398772E-2],"split_indices":[0,2,8,0,0,0,0],"split_type":[0,0,0,0,0,0,0],"sum_hessian":[1.454849E2,2.4972103E1,1.2051279E2,2.3724691E1,1.2474123E0,1.6788658E1,1.0372413E2],"tree_param":{"num_deleted":"0","num_feature":"14","num_nodes":"7","size_leaf_vector":"1"}},{"base_weights":[-6.4305685E-2,-1.2119242E-1,5.994821E-1,4.4516254E-2,-9.634496E-2,3.552323E-1,-1.5683994E-1],"categories":[],"categories_nodes":[],"categories_segments":[],"categories_sizes":[],"default_left":[0,0,0,0,0,0,0],"id":3,"left_children":[1,3,5,-1,-1,-1,-1],"loss_changes":[5.4894056E0,7.2146916E0,8.15873E0,0E0,0E0,0E0,0E0],"parents":[2147483647,0,0,1,1,2,2],"right_children":[2,4,6,-1,-1,-1,-1],"split_conditions":[3.919861E-3,-4.819277E-4,6.5424997E-1,4.4516254E-2,-9.634496E-2,3.552323E-1,-1.5683994E-1],"split_indices":[4,4,3,0,0,0,0],"split_type":[0,0,0,0,0,0,0],"sum_hessian":[1.4244942E2,1.3195802E2,1.0491403E1,5.6305546E1,7.565247E1,6.8618164E0,3.6295862E0],"tree_param":{"num_deleted":"0","num_feature":"14","num_nodes":"7","size_leaf_vector":"1"}},{"base_weights":[-4.8232097E-2,1.6978292E-2,-6.203302E-1,-3.6728922E-2,8.8984005E-2,1.4019121E-1,-2.339754E-1],"categories":[],"categories_nodes":[],"categories_segments":[],"categories_sizes":[],"default_left":[0,0,0,0,0,0,0],"id":4,"left_children":[1,3,5,-1,-1,-1,-1],"loss_changes":[5.2888527E0,5.0254383E0,2.8818822E0,0E0,0E0,0E0,0E0],"parents":[2147483647,0,0,1,1,2,2],"right_children":[2,4,6,-1,-1,-1,-1],"split_conditions":[9.5743895E-1,1.025641E-3,1.2047774E0,-3.6728922E-2,8.8984005E-2,1.4019121E-1,-2.339754E-1],"split_indices":[3,4,11,0,0,0,0],"split_type":[0,0,0,0,0,0,0],"sum_hessian":[1.4048436E2,1.2698082E2,1.3503538E1,8.511176E1,4.1869064E1,1.4811177E0,1.2022421E1],"tree_param":{"num_deleted":"0","num_feature":"14","num_nodes":"7","size_leaf_vector":"1"}},{"base_weights":[-3.6653835E-2,7.013933E-1,-7.9112284E-2,-9.921648E-2,3.4259388E-1,-3.1903747E-2,2.7716976E-1],"categories":[],"categories_nodes":[],"categories_segments":[],"categories_sizes":[],"default_left":[0,0,1,0,0,0,0],"id":5,"left_children":[1,3,5,-1,-1,-1,-1],"loss_changes":[4.456546E0,3.8979778E0,3.7504613E0,0E0,0E0,0E0,0E0],"parents":[2147483647,0,0,1,1,2,2],"right_children":[2,4,6,-1,-1,-1,-1],"split_conditions":[3.5714287E-1,2.254902E-1,4.6276218E-1,-9.921648E-2,3.4259388E-1,-3.1903747E-2,2.7716976E-1],"split_indices":[0,0,13,0,0,0,0],"split_type":[0,0,0,0,0,0,0],"sum_hessian":[1.394458E2,6.741422E0,1.3270438E2,2.091424E0,4.649998E0,1.300668E2,2.6375709E0],"tree_param":{"num_deleted":"0","num_feature":"14","num_nodes":"7","size_leaf_vector":"1"}},{"base_weights":[-2.3848342E-2,6.936477E-3,-2.7658483E-1,1.4511119E-2,-1.800569E-1],"categories":[],"categories_nodes":[],"categories_segments":[],"categories_sizes":[],"default_left":[1,1,0,0,0],"id":6,"left_children":[1,3,-1,-1,-1],"loss_changes":[3.8484392E0,3.4338558E0,0E0,0E0,0E0],"parents":[2147483647,0,0,1,1],"right_children":[2,4,-1,-1,-1],"split_conditions":[3E0,1.7960145E0,-2.7658483E-1,1.4511119E-2,-1.800569E-1],"split_indices":[10,9,0,0,0],"split_type":[0,0,0,0,0],"sum_hessian":[1.3796344E2,1.343505E2,3.612946E0,1.2662891E2,7.721585E0],"tree_param":{"num_deleted":"0","num_feature":"14","num_nodes":"5","size_leaf_vector":"1"}},{"base_weights":[-2.128534E-2,2.4415255E-1,-1.2027143E-1,2.0370218E-1,-1.5457484E-2,-1.0006518E-1,3.6035724E-2],"categories":[],"categories_nodes":[],"categories_segments":[],"categories_sizes":[],"default_left":[0,0,0,0,0,0,0],"id":7,"left_children":[1,3,5,-1,-1,-1,-1],"loss_changes":[3.665611E0,4.9107437E0,5.2425985E0,0E0,0E0,0E0,0E0],"parents":[2147483647,0,0,1,1,2,2],"right_children":[2,4,6,-1,-1,-1,-1],"split_conditions":[-1.4388489E-3,3.9095423E-1,1.025641E-3,2.0370218E-1,-1.5457484E-2,-1.0006518E-1,3.6035724E-2],"split_indices":[4,3,4,0,0,0,0],"split_type":[0,0,0,0,0,0,0],"sum_hessian":[1.3739368E2,3.6920994E1,1.0047268E2,1.4418774E1,2.2502222E1,5.3033123E1,4.7439556E1],"tree_param":{"num_deleted":"0","num_feature":"14","num_nodes":"7","size_leaf_vector":"1"}},{"base_weights":[-1.640529E-2,-7.628136E-1,1.2073684E-2,-4.5290228E-2,-2.6821408E-1,1.1293731E-2,-2.5309068E-1],"categories":[],"categories_nodes":[],"categories_segments":[],"categories_sizes":[],"default_left":[0,0,1,0,0,0,0],"id":8,"left_children":[1,3,5,-1,-1,-1,-1],"loss_changes":[2.930378E0,2.7181363E-1,2.9498844E0,0E0,0E0,0E0,0E0],"parents":[2147483647,0,0,1,1,2,2],"right_children":[2,4,6,-1,-1,-1,-1],"split_conditions":[2.5531706E-1,1.5936129E-1,3E0,-4.5290228E-2,-2.6821408E-1,1.1293731E-2,-2.5309068E-1],"split_indices":[11,9,10,0,0,0,0],"split_type":[0,0,0,0,0,0,0],"sum_hessian":[1.3642183E2,4.0661645E0,1.3235567E2,1.0978866E0,2.968278E0,1.2944337E2,2.91229E0],"tree_param":{"num_deleted":"0","num_feature":"14","num_nodes":"7","size_leaf_vector":"1"}},{"base_weights":[-1.660573E-2,-5.9179228E-2,4.5620197E-1,7.96911E-3,-1.3995747E-1,-5.323169E-2,2.4994017E-1],"categories":[],"categories_nodes":[],"categories_segments":[],"categories_sizes":[],"default_left":[1,1,0,0,0,0,0],"id":9,"left_children":[1,3,5,-1,-1,-1,-1],"loss_changes":[2.7875357E0,4.437584E0,2.880999E0,0E0,0E0,0E0,0E0],"parents":[2147483647,0,0,1,1,2,2],"right_children":[2,4,6,-1,-1,-1,-1],"split_conditions":[6.8616456E-1,7.891167E-1,5.633072E-1,7.96911E-3,-1.3995747E-1,-5.323169E-2,2.4994017E-1],"split_indices":[11,9,9,0,0,0,0],"split_type":[0,0,0,0,0,0,0],"sum_hessian":[1.3614182E2,1.25698265E2,1.0443541E1,1.046129E2,2.1085371E1,4.092725E0,6.350816E0],"tree_param":{"num_deleted":"0","num_feature":"14","num_nodes":"7","size_leaf_vector":"1"}}]},"name":"gbtree"},"learner_model_param":{"base_score":"2.3499323E-1","boost_from_average":"1","num_class":"0","num_feature":"14","num_target":"1"},